Karte1; Karte2; Karte3; Karte4; Karte5; Karte6; Karte7; Karte8; Karte9; Hearts; Diamonds; Clubs; Spades; Obeabe; Undeufe; Schieben; 
H6; C8; H9; HJ; D8; D9; D10; S8; S10; 0.3410981297492981; 0.049559127539396286; 0.00011300521873636171; 0.0011216569691896439; 0.0006293602637015283; 0.05612512305378914; 0.5513536334037781; 
Karte1; Karte2; Karte3; Karte4; Karte5; Karte6; Karte7; Karte8; Karte9; Hearts; Diamonds; Clubs; Spades; Obeabe; Undeufe; Schieben; 
H6; C8; H9; HJ; D8; D9; D10; S8; S10; 0.3410981297492981; 0.049559127539396286; 0.00011300521873636171; 0.0011216569691896439; 0.0006293602637015283; 0.05612512305378914; 0.5513536334037781; 
